# OWASP ZAP baseline rules: <plugin id>	<IGNORE|WARN|FAIL>	<why>
# Anything not listed is judged by its risk: High fails, the rest warn.
10020	WARN	Anti-clickjacking header missing
10021	WARN	X-Content-Type-Options header missing
10038	WARN	Content Security Policy header not set
10035	WARN	Strict-Transport-Security header not set (plain http on localhost)
10096	IGNORE	Timestamp disclosure (build hashes look like timestamps)
10027	IGNORE	Information disclosure - suspicious comments in bundled code
40012	FAIL	Cross site scripting (reflected)
40014	FAIL	Cross site scripting (persistent)
40018	FAIL	SQL injection
90019	FAIL	Server side code injection
